{
  "features": [
    "weighted_time10",
    "calorie",
    "total_carb",
    "dietary_fiber",
    "sugar",
    "protein",
    "total_fat",
    "sugar_carb",
    "HbA1c",
    "init_val"
  ],
  "mean": [
    627.6463351016798,
    479.86246684350135,
    59.820636604774535,
    3.402440318302387,
    24.374694960212203,
    20.277241379310343,
    15.916498673740055,
    84.19533156498674,
    5.811087533156499,
    106.08541114058356
  ],
  "scale": [
    380.7464296919389,
    424.8214446134561,
    53.91575114329204,
    4.101602117885247,
    23.662988178214842,
    19.902999835944012,
    20.311156032061582,
    74.60477597912461,
    0.27861753307801196,
    16.131114781324253
  ]
}