{
  "features": [
    "standardized_minutes",
    "other_carb",
    "sugar_2",
    "calorie",
    "fat_protein_ratio",
    "HbA1c",
    "init_val",
    "prev_glu",
    "carb_per_fiber",
    "sugar_ratio",
    "protein_fat_ratio"
  ],
  "mean": [
    31.907912745936702,
    32.22976903336185,
    1152.0071556886228,
    482.3261762189906,
    1.0359215430755655,
    5.80885372112917,
    105.97390932420872,
    119.68819503849444,
    903322.8213926149,
    0.44215248198508383,
    255879.24437134116
  ],
  "scale": [
    17.02444047949179,
    35.411285360931096,
    2361.492808688628,
    423.39425185702146,
    1.5066795890373874,
    0.2793022039251786,
    16.279706130038118,
    26.855056362995224,
    2365078.3781438423,
    0.26357557359779094,
    929478.6725951921
  ]
}